original_image_url,heatmap_image_url
https://saliency-map-annotations.s3.amazonaws.com/imagenet_fish/tench/n01440764_8003.JPEG,https://saliency-map-annotations.s3.amazonaws.com/imagenet_fish/tench/n01440764_8003_heatmap.JPEG
https://saliency-map-annotations.s3.amazonaws.com/imagenet_fish/tench/n01440764_7030.JPEG,https://saliency-map-annotations.s3.amazonaws.com/imagenet_fish/tench/n01440764_7030_heatmap.JPEG
https://saliency-map-annotations.s3.amazonaws.com/imagenet_fish/tench/n01440764_5148.JPEG,https://saliency-map-annotations.s3.amazonaws.com/imagenet_fish/tench/n01440764_5148_heatmap.JPEG
https://saliency-map-annotations.s3.amazonaws.com/imagenet_fish/tench/n01440764_3566.JPEG,https://saliency-map-annotations.s3.amazonaws.com/imagenet_fish/tench/n01440764_3566_heatmap.JPEG
https://saliency-map-annotations.s3.amazonaws.com/imagenet_fish/tench/n01440764_8783.JPEG,https://saliency-map-annotations.s3.amazonaws.com/imagenet_fish/tench/n01440764_8783_heatmap.JPEG
https://saliency-map-annotations.s3.amazonaws.com/imagenet_fish/tench/n01440764_3198.JPEG,https://saliency-map-annotations.s3.amazonaws.com/imagenet_fish/tench/n01440764_3198_heatmap.JPEG
https://saliency-map-annotations.s3.amazonaws.com/imagenet_fish/tench/n01440764_7362.JPEG,https://saliency-map-annotations.s3.amazonaws.com/imagenet_fish/tench/n01440764_7362_heatmap.JPEG
https://saliency-map-annotations.s3.amazonaws.com/imagenet_fish/tench/n01440764_8243.JPEG,https://saliency-map-annotations.s3.amazonaws.com/imagenet_fish/tench/n01440764_8243_heatmap.JPEG
https://saliency-map-annotations.s3.amazonaws.com/imagenet_fish/tench/n01440764_5514.JPEG,https://saliency-map-annotations.s3.amazonaws.com/imagenet_fish/tench/n01440764_5514_heatmap.JPEG
https://saliency-map-annotations.s3.amazonaws.com/imagenet_fish/tench/n01440764_2117.JPEG,https://saliency-map-annotations.s3.amazonaws.com/imagenet_fish/tench/n01440764_2117_heatmap.JPEG
https://saliency-map-annotations.s3.amazonaws.com/imagenet_fish/tench/n01440764_5781.JPEG,https://saliency-map-annotations.s3.amazonaws.com/imagenet_fish/tench/n01440764_5781_heatmap.JPEG
https://saliency-map-annotations.s3.amazonaws.com/imagenet_fish/tench/n01440764_5579.JPEG,https://saliency-map-annotations.s3.amazonaws.com/imagenet_fish/tench/n01440764_5579_heatmap.JPEG
https://saliency-map-annotations.s3.amazonaws.com/imagenet_fish/tench/n01440764_6568.JPEG,https://saliency-map-annotations.s3.amazonaws.com/imagenet_fish/tench/n01440764_6568_heatmap.JPEG
https://saliency-map-annotations.s3.amazonaws.com/imagenet_fish/tench/n01440764_7379.JPEG,https://saliency-map-annotations.s3.amazonaws.com/imagenet_fish/tench/n01440764_7379_heatmap.JPEG
https://saliency-map-annotations.s3.amazonaws.com/imagenet_fish/tench/n01440764_7142.JPEG,https://saliency-map-annotations.s3.amazonaws.com/imagenet_fish/tench/n01440764_7142_heatmap.JPEG
https://saliency-map-annotations.s3.amazonaws.com/imagenet_fish/tench/n01440764_7457.JPEG,https://saliency-map-annotations.s3.amazonaws.com/imagenet_fish/tench/n01440764_7457_heatmap.JPEG
https://saliency-map-annotations.s3.amazonaws.com/imagenet_fish/tench/n01440764_7302.JPEG,https://saliency-map-annotations.s3.amazonaws.com/imagenet_fish/tench/n01440764_7302_heatmap.JPEG
https://saliency-map-annotations.s3.amazonaws.com/imagenet_fish/tench/n01440764_6786.JPEG,https://saliency-map-annotations.s3.amazonaws.com/imagenet_fish/tench/n01440764_6786_heatmap.JPEG
https://saliency-map-annotations.s3.amazonaws.com/imagenet_fish/tench/n01440764_5112.JPEG,https://saliency-map-annotations.s3.amazonaws.com/imagenet_fish/tench/n01440764_5112_heatmap.JPEG
https://saliency-map-annotations.s3.amazonaws.com/imagenet_fish/tench/n01440764_7158.JPEG,https://saliency-map-annotations.s3.amazonaws.com/imagenet_fish/tench/n01440764_7158_heatmap.JPEG
https://saliency-map-annotations.s3.amazonaws.com/imagenet_fish/tench/n01440764_10194.JPEG,https://saliency-map-annotations.s3.amazonaws.com/imagenet_fish/tench/n01440764_10194_heatmap.JPEG
https://saliency-map-annotations.s3.amazonaws.com/imagenet_fish/tench/n01440764_12111.JPEG,https://saliency-map-annotations.s3.amazonaws.com/imagenet_fish/tench/n01440764_12111_heatmap.JPEG
https://saliency-map-annotations.s3.amazonaws.com/imagenet_fish/tench/n01440764_6421.JPEG,https://saliency-map-annotations.s3.amazonaws.com/imagenet_fish/tench/n01440764_6421_heatmap.JPEG
https://saliency-map-annotations.s3.amazonaws.com/imagenet_fish/tench/n01440764_5364.JPEG,https://saliency-map-annotations.s3.amazonaws.com/imagenet_fish/tench/n01440764_5364_heatmap.JPEG
https://saliency-map-annotations.s3.amazonaws.com/imagenet_fish/tench/n01440764_9605.JPEG,https://saliency-map-annotations.s3.amazonaws.com/imagenet_fish/tench/n01440764_9605_heatmap.JPEG
https://saliency-map-annotations.s3.amazonaws.com/imagenet_fish/tench/n01440764_4934.JPEG,https://saliency-map-annotations.s3.amazonaws.com/imagenet_fish/tench/n01440764_4934_heatmap.JPEG
https://saliency-map-annotations.s3.amazonaws.com/imagenet_fish/tench/n01440764_8813.JPEG,https://saliency-map-annotations.s3.amazonaws.com/imagenet_fish/tench/n01440764_8813_heatmap.JPEG
https://saliency-map-annotations.s3.amazonaws.com/imagenet_fish/tench/n01440764_5103.JPEG,https://saliency-map-annotations.s3.amazonaws.com/imagenet_fish/tench/n01440764_5103_heatmap.JPEG
https://saliency-map-annotations.s3.amazonaws.com/imagenet_fish/tench/n01440764_2853.JPEG,https://saliency-map-annotations.s3.amazonaws.com/imagenet_fish/tench/n01440764_2853_heatmap.JPEG
https://saliency-map-annotations.s3.amazonaws.com/imagenet_fish/tench/n01440764_2255.JPEG,https://saliency-map-annotations.s3.amazonaws.com/imagenet_fish/tench/n01440764_2255_heatmap.JPEG
https://saliency-map-annotations.s3.amazonaws.com/imagenet_fish/tench/n01440764_11665.JPEG,https://saliency-map-annotations.s3.amazonaws.com/imagenet_fish/tench/n01440764_11665_heatmap.JPEG
https://saliency-map-annotations.s3.amazonaws.com/imagenet_fish/tench/n01440764_7153.JPEG,https://saliency-map-annotations.s3.amazonaws.com/imagenet_fish/tench/n01440764_7153_heatmap.JPEG
https://saliency-map-annotations.s3.amazonaws.com/imagenet_fish/tench/n01440764_8013.JPEG,https://saliency-map-annotations.s3.amazonaws.com/imagenet_fish/tench/n01440764_8013_heatmap.JPEG
https://saliency-map-annotations.s3.amazonaws.com/imagenet_fish/tench/n01440764_8910.JPEG,https://saliency-map-annotations.s3.amazonaws.com/imagenet_fish/tench/n01440764_8910_heatmap.JPEG
https://saliency-map-annotations.s3.amazonaws.com/imagenet_fish/tench/n01440764_10812.JPEG,https://saliency-map-annotations.s3.amazonaws.com/imagenet_fish/tench/n01440764_10812_heatmap.JPEG
https://saliency-map-annotations.s3.amazonaws.com/imagenet_fish/tench/n01440764_2577.JPEG,https://saliency-map-annotations.s3.amazonaws.com/imagenet_fish/tench/n01440764_2577_heatmap.JPEG
https://saliency-map-annotations.s3.amazonaws.com/imagenet_fish/tench/n01440764_7519.JPEG,https://saliency-map-annotations.s3.amazonaws.com/imagenet_fish/tench/n01440764_7519_heatmap.JPEG
https://saliency-map-annotations.s3.amazonaws.com/imagenet_fish/tench/n01440764_6719.JPEG,https://saliency-map-annotations.s3.amazonaws.com/imagenet_fish/tench/n01440764_6719_heatmap.JPEG
https://saliency-map-annotations.s3.amazonaws.com/imagenet_fish/tench/n01440764_13183.JPEG,https://saliency-map-annotations.s3.amazonaws.com/imagenet_fish/tench/n01440764_13183_heatmap.JPEG
https://saliency-map-annotations.s3.amazonaws.com/imagenet_fish/tench/n01440764_11151.JPEG,https://saliency-map-annotations.s3.amazonaws.com/imagenet_fish/tench/n01440764_11151_heatmap.JPEG
https://saliency-map-annotations.s3.amazonaws.com/imagenet_fish/tench/n01440764_3849.JPEG,https://saliency-map-annotations.s3.amazonaws.com/imagenet_fish/tench/n01440764_3849_heatmap.JPEG
https://saliency-map-annotations.s3.amazonaws.com/imagenet_fish/tench/n01440764_6974.JPEG,https://saliency-map-annotations.s3.amazonaws.com/imagenet_fish/tench/n01440764_6974_heatmap.JPEG
https://saliency-map-annotations.s3.amazonaws.com/imagenet_fish/tench/n01440764_4436.JPEG,https://saliency-map-annotations.s3.amazonaws.com/imagenet_fish/tench/n01440764_4436_heatmap.JPEG
https://saliency-map-annotations.s3.amazonaws.com/imagenet_fish/tench/n01440764_3259.JPEG,https://saliency-map-annotations.s3.amazonaws.com/imagenet_fish/tench/n01440764_3259_heatmap.JPEG
https://saliency-map-annotations.s3.amazonaws.com/imagenet_fish/tench/n01440764_10110.JPEG,https://saliency-map-annotations.s3.amazonaws.com/imagenet_fish/tench/n01440764_10110_heatmap.JPEG
https://saliency-map-annotations.s3.amazonaws.com/imagenet_fish/tench/n01440764_10444.JPEG,https://saliency-map-annotations.s3.amazonaws.com/imagenet_fish/tench/n01440764_10444_heatmap.JPEG
https://saliency-map-annotations.s3.amazonaws.com/imagenet_fish/tench/n01440764_8589.JPEG,https://saliency-map-annotations.s3.amazonaws.com/imagenet_fish/tench/n01440764_8589_heatmap.JPEG
https://saliency-map-annotations.s3.amazonaws.com/imagenet_fish/tench/n01440764_9766.JPEG,https://saliency-map-annotations.s3.amazonaws.com/imagenet_fish/tench/n01440764_9766_heatmap.JPEG
https://saliency-map-annotations.s3.amazonaws.com/imagenet_fish/tench/n01440764_4744.JPEG,https://saliency-map-annotations.s3.amazonaws.com/imagenet_fish/tench/n01440764_4744_heatmap.JPEG
https://saliency-map-annotations.s3.amazonaws.com/imagenet_fish/tench/n01440764_12971.JPEG,https://saliency-map-annotations.s3.amazonaws.com/imagenet_fish/tench/n01440764_12971_heatmap.JPEG
https://saliency-map-annotations.s3.amazonaws.com/imagenet_fish/tench/n01440764_12289.JPEG,https://saliency-map-annotations.s3.amazonaws.com/imagenet_fish/tench/n01440764_12289_heatmap.JPEG
https://saliency-map-annotations.s3.amazonaws.com/imagenet_fish/tench/n01440764_5091.JPEG,https://saliency-map-annotations.s3.amazonaws.com/imagenet_fish/tench/n01440764_5091_heatmap.JPEG
https://saliency-map-annotations.s3.amazonaws.com/imagenet_fish/tench/n01440764_6146.JPEG,https://saliency-map-annotations.s3.amazonaws.com/imagenet_fish/tench/n01440764_6146_heatmap.JPEG
https://saliency-map-annotations.s3.amazonaws.com/imagenet_fish/tench/n01440764_9533.JPEG,https://saliency-map-annotations.s3.amazonaws.com/imagenet_fish/tench/n01440764_9533_heatmap.JPEG
https://saliency-map-annotations.s3.amazonaws.com/imagenet_fish/tench/n01440764_12972.JPEG,https://saliency-map-annotations.s3.amazonaws.com/imagenet_fish/tench/n01440764_12972_heatmap.JPEG
https://saliency-map-annotations.s3.amazonaws.com/imagenet_fish/tench/n01440764_6936.JPEG,https://saliency-map-annotations.s3.amazonaws.com/imagenet_fish/tench/n01440764_6936_heatmap.JPEG
https://saliency-map-annotations.s3.amazonaws.com/imagenet_fish/tench/n01440764_9315.JPEG,https://saliency-map-annotations.s3.amazonaws.com/imagenet_fish/tench/n01440764_9315_heatmap.JPEG
https://saliency-map-annotations.s3.amazonaws.com/imagenet_fish/tench/n01440764_10847.JPEG,https://saliency-map-annotations.s3.amazonaws.com/imagenet_fish/tench/n01440764_10847_heatmap.JPEG
https://saliency-map-annotations.s3.amazonaws.com/imagenet_fish/tench/n01440764_9929.JPEG,https://saliency-map-annotations.s3.amazonaws.com/imagenet_fish/tench/n01440764_9929_heatmap.JPEG
https://saliency-map-annotations.s3.amazonaws.com/imagenet_fish/tench/n01440764_9093.JPEG,https://saliency-map-annotations.s3.amazonaws.com/imagenet_fish/tench/n01440764_9093_heatmap.JPEG
https://saliency-map-annotations.s3.amazonaws.com/imagenet_fish/tench/n01440764_5634.JPEG,https://saliency-map-annotations.s3.amazonaws.com/imagenet_fish/tench/n01440764_5634_heatmap.JPEG
https://saliency-map-annotations.s3.amazonaws.com/imagenet_fish/tench/n01440764_9178.JPEG,https://saliency-map-annotations.s3.amazonaws.com/imagenet_fish/tench/n01440764_9178_heatmap.JPEG
https://saliency-map-annotations.s3.amazonaws.com/imagenet_fish/tench/n01440764_7424.JPEG,https://saliency-map-annotations.s3.amazonaws.com/imagenet_fish/tench/n01440764_7424_heatmap.JPEG
https://saliency-map-annotations.s3.amazonaws.com/imagenet_fish/tench/n01440764_2427.JPEG,https://saliency-map-annotations.s3.amazonaws.com/imagenet_fish/tench/n01440764_2427_heatmap.JPEG
https://saliency-map-annotations.s3.amazonaws.com/imagenet_fish/tench/n01440764_8246.JPEG,https://saliency-map-annotations.s3.amazonaws.com/imagenet_fish/tench/n01440764_8246_heatmap.JPEG
https://saliency-map-annotations.s3.amazonaws.com/imagenet_fish/tench/n01440764_9861.JPEG,https://saliency-map-annotations.s3.amazonaws.com/imagenet_fish/tench/n01440764_9861_heatmap.JPEG
https://saliency-map-annotations.s3.amazonaws.com/imagenet_fish/tench/n01440764_6852.JPEG,https://saliency-map-annotations.s3.amazonaws.com/imagenet_fish/tench/n01440764_6852_heatmap.JPEG
https://saliency-map-annotations.s3.amazonaws.com/imagenet_fish/tench/n01440764_5638.JPEG,https://saliency-map-annotations.s3.amazonaws.com/imagenet_fish/tench/n01440764_5638_heatmap.JPEG
https://saliency-map-annotations.s3.amazonaws.com/imagenet_fish/tench/n01440764_7185.JPEG,https://saliency-map-annotations.s3.amazonaws.com/imagenet_fish/tench/n01440764_7185_heatmap.JPEG
https://saliency-map-annotations.s3.amazonaws.com/imagenet_fish/tench/n01440764_12898.JPEG,https://saliency-map-annotations.s3.amazonaws.com/imagenet_fish/tench/n01440764_12898_heatmap.JPEG
https://saliency-map-annotations.s3.amazonaws.com/imagenet_fish/tench/n01440764_7701.JPEG,https://saliency-map-annotations.s3.amazonaws.com/imagenet_fish/tench/n01440764_7701_heatmap.JPEG
https://saliency-map-annotations.s3.amazonaws.com/imagenet_fish/tench/n01440764_5696.JPEG,https://saliency-map-annotations.s3.amazonaws.com/imagenet_fish/tench/n01440764_5696_heatmap.JPEG
https://saliency-map-annotations.s3.amazonaws.com/imagenet_fish/tench/n01440764_8948.JPEG,https://saliency-map-annotations.s3.amazonaws.com/imagenet_fish/tench/n01440764_8948_heatmap.JPEG
https://saliency-map-annotations.s3.amazonaws.com/imagenet_fish/tench/n01440764_5481.JPEG,https://saliency-map-annotations.s3.amazonaws.com/imagenet_fish/tench/n01440764_5481_heatmap.JPEG
https://saliency-map-annotations.s3.amazonaws.com/imagenet_fish/tench/n01440764_3781.JPEG,https://saliency-map-annotations.s3.amazonaws.com/imagenet_fish/tench/n01440764_3781_heatmap.JPEG
https://saliency-map-annotations.s3.amazonaws.com/imagenet_fish/tench/n01440764_10124.JPEG,https://saliency-map-annotations.s3.amazonaws.com/imagenet_fish/tench/n01440764_10124_heatmap.JPEG
https://saliency-map-annotations.s3.amazonaws.com/imagenet_fish/tench/n01440764_9846.JPEG,https://saliency-map-annotations.s3.amazonaws.com/imagenet_fish/tench/n01440764_9846_heatmap.JPEG
https://saliency-map-annotations.s3.amazonaws.com/imagenet_fish/tench/n01440764_9811.JPEG,https://saliency-map-annotations.s3.amazonaws.com/imagenet_fish/tench/n01440764_9811_heatmap.JPEG
https://saliency-map-annotations.s3.amazonaws.com/imagenet_fish/tench/n01440764_5432.JPEG,https://saliency-map-annotations.s3.amazonaws.com/imagenet_fish/tench/n01440764_5432_heatmap.JPEG
https://saliency-map-annotations.s3.amazonaws.com/imagenet_fish/tench/n01440764_8191.JPEG,https://saliency-map-annotations.s3.amazonaws.com/imagenet_fish/tench/n01440764_8191_heatmap.JPEG
https://saliency-map-annotations.s3.amazonaws.com/imagenet_fish/tench/n01440764_2271.JPEG,https://saliency-map-annotations.s3.amazonaws.com/imagenet_fish/tench/n01440764_2271_heatmap.JPEG
https://saliency-map-annotations.s3.amazonaws.com/imagenet_fish/tench/n01440764_3421.JPEG,https://saliency-map-annotations.s3.amazonaws.com/imagenet_fish/tench/n01440764_3421_heatmap.JPEG
https://saliency-map-annotations.s3.amazonaws.com/imagenet_fish/tench/n01440764_10066.JPEG,https://saliency-map-annotations.s3.amazonaws.com/imagenet_fish/tench/n01440764_10066_heatmap.JPEG
https://saliency-map-annotations.s3.amazonaws.com/imagenet_fish/tench/n01440764_5081.JPEG,https://saliency-map-annotations.s3.amazonaws.com/imagenet_fish/tench/n01440764_5081_heatmap.JPEG
https://saliency-map-annotations.s3.amazonaws.com/imagenet_fish/tench/n01440764_2314.JPEG,https://saliency-map-annotations.s3.amazonaws.com/imagenet_fish/tench/n01440764_2314_heatmap.JPEG
https://saliency-map-annotations.s3.amazonaws.com/imagenet_fish/tench/n01440764_11972.JPEG,https://saliency-map-annotations.s3.amazonaws.com/imagenet_fish/tench/n01440764_11972_heatmap.JPEG
https://saliency-map-annotations.s3.amazonaws.com/imagenet_fish/tench/n01440764_2729.JPEG,https://saliency-map-annotations.s3.amazonaws.com/imagenet_fish/tench/n01440764_2729_heatmap.JPEG
https://saliency-map-annotations.s3.amazonaws.com/imagenet_fish/tench/n01440764_7253.JPEG,https://saliency-map-annotations.s3.amazonaws.com/imagenet_fish/tench/n01440764_7253_heatmap.JPEG
https://saliency-map-annotations.s3.amazonaws.com/imagenet_fish/tench/n01440764_3969.JPEG,https://saliency-map-annotations.s3.amazonaws.com/imagenet_fish/tench/n01440764_3969_heatmap.JPEG
https://saliency-map-annotations.s3.amazonaws.com/imagenet_fish/tench/n01440764_10323.JPEG,https://saliency-map-annotations.s3.amazonaws.com/imagenet_fish/tench/n01440764_10323_heatmap.JPEG
https://saliency-map-annotations.s3.amazonaws.com/imagenet_fish/tench/n01440764_5628.JPEG,https://saliency-map-annotations.s3.amazonaws.com/imagenet_fish/tench/n01440764_5628_heatmap.JPEG
https://saliency-map-annotations.s3.amazonaws.com/imagenet_fish/tench/n01440764_5043.JPEG,https://saliency-map-annotations.s3.amazonaws.com/imagenet_fish/tench/n01440764_5043_heatmap.JPEG
https://saliency-map-annotations.s3.amazonaws.com/imagenet_fish/tench/n01440764_3251.JPEG,https://saliency-map-annotations.s3.amazonaws.com/imagenet_fish/tench/n01440764_3251_heatmap.JPEG
https://saliency-map-annotations.s3.amazonaws.com/imagenet_fish/tench/n01440764_6706.JPEG,https://saliency-map-annotations.s3.amazonaws.com/imagenet_fish/tench/n01440764_6706_heatmap.JPEG
https://saliency-map-annotations.s3.amazonaws.com/imagenet_fish/tench/n01440764_8057.JPEG,https://saliency-map-annotations.s3.amazonaws.com/imagenet_fish/tench/n01440764_8057_heatmap.JPEG
https://saliency-map-annotations.s3.amazonaws.com/imagenet_fish/tench/n01440764_6049.JPEG,https://saliency-map-annotations.s3.amazonaws.com/imagenet_fish/tench/n01440764_6049_heatmap.JPEG
https://saliency-map-annotations.s3.amazonaws.com/imagenet_fish/tench/n01440764_11085.JPEG,https://saliency-map-annotations.s3.amazonaws.com/imagenet_fish/tench/n01440764_11085_heatmap.JPEG
https://saliency-map-annotations.s3.amazonaws.com/imagenet_fish/tench/n01440764_7137.JPEG,https://saliency-map-annotations.s3.amazonaws.com/imagenet_fish/tench/n01440764_7137_heatmap.JPEG
https://saliency-map-annotations.s3.amazonaws.com/imagenet_fish/tench/n01440764_9390.JPEG,https://saliency-map-annotations.s3.amazonaws.com/imagenet_fish/tench/n01440764_9390_heatmap.JPEG
https://saliency-map-annotations.s3.amazonaws.com/imagenet_fish/tench/n01440764_8610.JPEG,https://saliency-map-annotations.s3.amazonaws.com/imagenet_fish/tench/n01440764_8610_heatmap.JPEG
https://saliency-map-annotations.s3.amazonaws.com/imagenet_fish/American_lobster/n01983481_4436.JPEG,https://saliency-map-annotations.s3.amazonaws.com/imagenet_fish/American_lobster/n01983481_4436_heatmap.JPEG
https://saliency-map-annotations.s3.amazonaws.com/imagenet_fish/American_lobster/ILSVRC2012_val_00037229.JPEG,https://saliency-map-annotations.s3.amazonaws.com/imagenet_fish/American_lobster/ILSVRC2012_val_00037229_heatmap.JPEG
https://saliency-map-annotations.s3.amazonaws.com/imagenet_fish/American_lobster/ILSVRC2012_val_00048837.JPEG,https://saliency-map-annotations.s3.amazonaws.com/imagenet_fish/American_lobster/ILSVRC2012_val_00048837_heatmap.JPEG
https://saliency-map-annotations.s3.amazonaws.com/imagenet_fish/American_lobster/n01983481_26098.JPEG,https://saliency-map-annotations.s3.amazonaws.com/imagenet_fish/American_lobster/n01983481_26098_heatmap.JPEG
https://saliency-map-annotations.s3.amazonaws.com/imagenet_fish/American_lobster/n01983481_17474.JPEG,https://saliency-map-annotations.s3.amazonaws.com/imagenet_fish/American_lobster/n01983481_17474_heatmap.JPEG
https://saliency-map-annotations.s3.amazonaws.com/imagenet_fish/American_lobster/n01983481_5456.JPEG,https://saliency-map-annotations.s3.amazonaws.com/imagenet_fish/American_lobster/n01983481_5456_heatmap.JPEG
https://saliency-map-annotations.s3.amazonaws.com/imagenet_fish/American_lobster/n01983481_24396.JPEG,https://saliency-map-annotations.s3.amazonaws.com/imagenet_fish/American_lobster/n01983481_24396_heatmap.JPEG
https://saliency-map-annotations.s3.amazonaws.com/imagenet_fish/American_lobster/ILSVRC2012_val_00046433.JPEG,https://saliency-map-annotations.s3.amazonaws.com/imagenet_fish/American_lobster/ILSVRC2012_val_00046433_heatmap.JPEG
https://saliency-map-annotations.s3.amazonaws.com/imagenet_fish/American_lobster/ILSVRC2012_val_00047059.JPEG,https://saliency-map-annotations.s3.amazonaws.com/imagenet_fish/American_lobster/ILSVRC2012_val_00047059_heatmap.JPEG
https://saliency-map-annotations.s3.amazonaws.com/imagenet_fish/American_lobster/n01983481_23413.JPEG,https://saliency-map-annotations.s3.amazonaws.com/imagenet_fish/American_lobster/n01983481_23413_heatmap.JPEG
https://saliency-map-annotations.s3.amazonaws.com/imagenet_fish/American_lobster/ILSVRC2012_val_00045926.JPEG,https://saliency-map-annotations.s3.amazonaws.com/imagenet_fish/American_lobster/ILSVRC2012_val_00045926_heatmap.JPEG
https://saliency-map-annotations.s3.amazonaws.com/imagenet_fish/American_lobster/n01983481_16823.JPEG,https://saliency-map-annotations.s3.amazonaws.com/imagenet_fish/American_lobster/n01983481_16823_heatmap.JPEG
https://saliency-map-annotations.s3.amazonaws.com/imagenet_fish/American_lobster/n01983481_19304.JPEG,https://saliency-map-annotations.s3.amazonaws.com/imagenet_fish/American_lobster/n01983481_19304_heatmap.JPEG
https://saliency-map-annotations.s3.amazonaws.com/imagenet_fish/American_lobster/n01983481_18779.JPEG,https://saliency-map-annotations.s3.amazonaws.com/imagenet_fish/American_lobster/n01983481_18779_heatmap.JPEG
https://saliency-map-annotations.s3.amazonaws.com/imagenet_fish/American_lobster/n01983481_25695.JPEG,https://saliency-map-annotations.s3.amazonaws.com/imagenet_fish/American_lobster/n01983481_25695_heatmap.JPEG
https://saliency-map-annotations.s3.amazonaws.com/imagenet_fish/American_lobster/ILSVRC2012_val_00037880.JPEG,https://saliency-map-annotations.s3.amazonaws.com/imagenet_fish/American_lobster/ILSVRC2012_val_00037880_heatmap.JPEG
https://saliency-map-annotations.s3.amazonaws.com/imagenet_fish/American_lobster/n01983481_2465.JPEG,https://saliency-map-annotations.s3.amazonaws.com/imagenet_fish/American_lobster/n01983481_2465_heatmap.JPEG
https://saliency-map-annotations.s3.amazonaws.com/imagenet_fish/American_lobster/n01983481_1320.JPEG,https://saliency-map-annotations.s3.amazonaws.com/imagenet_fish/American_lobster/n01983481_1320_heatmap.JPEG
https://saliency-map-annotations.s3.amazonaws.com/imagenet_fish/American_lobster/n01983481_7077.JPEG,https://saliency-map-annotations.s3.amazonaws.com/imagenet_fish/American_lobster/n01983481_7077_heatmap.JPEG
https://saliency-map-annotations.s3.amazonaws.com/imagenet_fish/American_lobster/n01983481_23576.JPEG,https://saliency-map-annotations.s3.amazonaws.com/imagenet_fish/American_lobster/n01983481_23576_heatmap.JPEG
https://saliency-map-annotations.s3.amazonaws.com/imagenet_fish/American_lobster/n01983481_18857.JPEG,https://saliency-map-annotations.s3.amazonaws.com/imagenet_fish/American_lobster/n01983481_18857_heatmap.JPEG
https://saliency-map-annotations.s3.amazonaws.com/imagenet_fish/American_lobster/n01983481_1281.JPEG,https://saliency-map-annotations.s3.amazonaws.com/imagenet_fish/American_lobster/n01983481_1281_heatmap.JPEG
https://saliency-map-annotations.s3.amazonaws.com/imagenet_fish/American_lobster/n01983481_21782.JPEG,https://saliency-map-annotations.s3.amazonaws.com/imagenet_fish/American_lobster/n01983481_21782_heatmap.JPEG
https://saliency-map-annotations.s3.amazonaws.com/imagenet_fish/American_lobster/ILSVRC2012_val_00039303.JPEG,https://saliency-map-annotations.s3.amazonaws.com/imagenet_fish/American_lobster/ILSVRC2012_val_00039303_heatmap.JPEG
https://saliency-map-annotations.s3.amazonaws.com/imagenet_fish/American_lobster/n01983481_18744.JPEG,https://saliency-map-annotations.s3.amazonaws.com/imagenet_fish/American_lobster/n01983481_18744_heatmap.JPEG
https://saliency-map-annotations.s3.amazonaws.com/imagenet_fish/American_lobster/n01983481_19856.JPEG,https://saliency-map-annotations.s3.amazonaws.com/imagenet_fish/American_lobster/n01983481_19856_heatmap.JPEG
https://saliency-map-annotations.s3.amazonaws.com/imagenet_fish/American_lobster/ILSVRC2012_val_00038154.JPEG,https://saliency-map-annotations.s3.amazonaws.com/imagenet_fish/American_lobster/ILSVRC2012_val_00038154_heatmap.JPEG
https://saliency-map-annotations.s3.amazonaws.com/imagenet_fish/American_lobster/n01983481_4488.JPEG,https://saliency-map-annotations.s3.amazonaws.com/imagenet_fish/American_lobster/n01983481_4488_heatmap.JPEG
https://saliency-map-annotations.s3.amazonaws.com/imagenet_fish/American_lobster/n01983481_26335.JPEG,https://saliency-map-annotations.s3.amazonaws.com/imagenet_fish/American_lobster/n01983481_26335_heatmap.JPEG
https://saliency-map-annotations.s3.amazonaws.com/imagenet_fish/American_lobster/n01983481_6499.JPEG,https://saliency-map-annotations.s3.amazonaws.com/imagenet_fish/American_lobster/n01983481_6499_heatmap.JPEG
https://saliency-map-annotations.s3.amazonaws.com/imagenet_fish/American_lobster/n01983481_7267.JPEG,https://saliency-map-annotations.s3.amazonaws.com/imagenet_fish/American_lobster/n01983481_7267_heatmap.JPEG
https://saliency-map-annotations.s3.amazonaws.com/imagenet_fish/American_lobster/n01983481_21976.JPEG,https://saliency-map-annotations.s3.amazonaws.com/imagenet_fish/American_lobster/n01983481_21976_heatmap.JPEG
https://saliency-map-annotations.s3.amazonaws.com/imagenet_fish/American_lobster/n01983481_573.JPEG,https://saliency-map-annotations.s3.amazonaws.com/imagenet_fish/American_lobster/n01983481_573_heatmap.JPEG
https://saliency-map-annotations.s3.amazonaws.com/imagenet_fish/American_lobster/n01983481_12939.JPEG,https://saliency-map-annotations.s3.amazonaws.com/imagenet_fish/American_lobster/n01983481_12939_heatmap.JPEG
https://saliency-map-annotations.s3.amazonaws.com/imagenet_fish/American_lobster/n01983481_18749.JPEG,https://saliency-map-annotations.s3.amazonaws.com/imagenet_fish/American_lobster/n01983481_18749_heatmap.JPEG
https://saliency-map-annotations.s3.amazonaws.com/imagenet_fish/American_lobster/n01983481_10695.JPEG,https://saliency-map-annotations.s3.amazonaws.com/imagenet_fish/American_lobster/n01983481_10695_heatmap.JPEG
https://saliency-map-annotations.s3.amazonaws.com/imagenet_fish/American_lobster/n01983481_2926.JPEG,https://saliency-map-annotations.s3.amazonaws.com/imagenet_fish/American_lobster/n01983481_2926_heatmap.JPEG
https://saliency-map-annotations.s3.amazonaws.com/imagenet_fish/American_lobster/n01983481_19230.JPEG,https://saliency-map-annotations.s3.amazonaws.com/imagenet_fish/American_lobster/n01983481_19230_heatmap.JPEG
https://saliency-map-annotations.s3.amazonaws.com/imagenet_fish/American_lobster/n01983481_4889.JPEG,https://saliency-map-annotations.s3.amazonaws.com/imagenet_fish/American_lobster/n01983481_4889_heatmap.JPEG
https://saliency-map-annotations.s3.amazonaws.com/imagenet_fish/American_lobster/n01983481_15546.JPEG,https://saliency-map-annotations.s3.amazonaws.com/imagenet_fish/American_lobster/n01983481_15546_heatmap.JPEG
https://saliency-map-annotations.s3.amazonaws.com/imagenet_fish/American_lobster/ILSVRC2012_val_00048277.JPEG,https://saliency-map-annotations.s3.amazonaws.com/imagenet_fish/American_lobster/ILSVRC2012_val_00048277_heatmap.JPEG
https://saliency-map-annotations.s3.amazonaws.com/imagenet_fish/American_lobster/n01983481_10181.JPEG,https://saliency-map-annotations.s3.amazonaws.com/imagenet_fish/American_lobster/n01983481_10181_heatmap.JPEG
https://saliency-map-annotations.s3.amazonaws.com/imagenet_fish/American_lobster/n01983481_1469.JPEG,https://saliency-map-annotations.s3.amazonaws.com/imagenet_fish/American_lobster/n01983481_1469_heatmap.JPEG
https://saliency-map-annotations.s3.amazonaws.com/imagenet_fish/American_lobster/n01983481_3792.JPEG,https://saliency-map-annotations.s3.amazonaws.com/imagenet_fish/American_lobster/n01983481_3792_heatmap.JPEG
https://saliency-map-annotations.s3.amazonaws.com/imagenet_fish/American_lobster/n01983481_3317.JPEG,https://saliency-map-annotations.s3.amazonaws.com/imagenet_fish/American_lobster/n01983481_3317_heatmap.JPEG
https://saliency-map-annotations.s3.amazonaws.com/imagenet_fish/American_lobster/n01983481_9258.JPEG,https://saliency-map-annotations.s3.amazonaws.com/imagenet_fish/American_lobster/n01983481_9258_heatmap.JPEG
https://saliency-map-annotations.s3.amazonaws.com/imagenet_fish/American_lobster/n01983481_2929.JPEG,https://saliency-map-annotations.s3.amazonaws.com/imagenet_fish/American_lobster/n01983481_2929_heatmap.JPEG
https://saliency-map-annotations.s3.amazonaws.com/imagenet_fish/American_lobster/n01983481_14661.JPEG,https://saliency-map-annotations.s3.amazonaws.com/imagenet_fish/American_lobster/n01983481_14661_heatmap.JPEG
https://saliency-map-annotations.s3.amazonaws.com/imagenet_fish/American_lobster/n01983481_19028.JPEG,https://saliency-map-annotations.s3.amazonaws.com/imagenet_fish/American_lobster/n01983481_19028_heatmap.JPEG
https://saliency-map-annotations.s3.amazonaws.com/imagenet_fish/American_lobster/n01983481_19585.JPEG,https://saliency-map-annotations.s3.amazonaws.com/imagenet_fish/American_lobster/n01983481_19585_heatmap.JPEG
https://saliency-map-annotations.s3.amazonaws.com/imagenet_fish/American_lobster/n01983481_24469.JPEG,https://saliency-map-annotations.s3.amazonaws.com/imagenet_fish/American_lobster/n01983481_24469_heatmap.JPEG
https://saliency-map-annotations.s3.amazonaws.com/imagenet_fish/American_lobster/n01983481_19730.JPEG,https://saliency-map-annotations.s3.amazonaws.com/imagenet_fish/American_lobster/n01983481_19730_heatmap.JPEG
https://saliency-map-annotations.s3.amazonaws.com/imagenet_fish/American_lobster/n01983481_26024.JPEG,https://saliency-map-annotations.s3.amazonaws.com/imagenet_fish/American_lobster/n01983481_26024_heatmap.JPEG
https://saliency-map-annotations.s3.amazonaws.com/imagenet_fish/American_lobster/n01983481_14544.JPEG,https://saliency-map-annotations.s3.amazonaws.com/imagenet_fish/American_lobster/n01983481_14544_heatmap.JPEG
https://saliency-map-annotations.s3.amazonaws.com/imagenet_fish/American_lobster/n01983481_20918.JPEG,https://saliency-map-annotations.s3.amazonaws.com/imagenet_fish/American_lobster/n01983481_20918_heatmap.JPEG
https://saliency-map-annotations.s3.amazonaws.com/imagenet_fish/American_lobster/n01983481_18971.JPEG,https://saliency-map-annotations.s3.amazonaws.com/imagenet_fish/American_lobster/n01983481_18971_heatmap.JPEG
https://saliency-map-annotations.s3.amazonaws.com/imagenet_fish/American_lobster/n01983481_26858.JPEG,https://saliency-map-annotations.s3.amazonaws.com/imagenet_fish/American_lobster/n01983481_26858_heatmap.JPEG
https://saliency-map-annotations.s3.amazonaws.com/imagenet_fish/American_lobster/n01983481_2374.JPEG,https://saliency-map-annotations.s3.amazonaws.com/imagenet_fish/American_lobster/n01983481_2374_heatmap.JPEG
https://saliency-map-annotations.s3.amazonaws.com/imagenet_fish/American_lobster/n01983481_459.JPEG,https://saliency-map-annotations.s3.amazonaws.com/imagenet_fish/American_lobster/n01983481_459_heatmap.JPEG
https://saliency-map-annotations.s3.amazonaws.com/imagenet_fish/American_lobster/n01983481_19566.JPEG,https://saliency-map-annotations.s3.amazonaws.com/imagenet_fish/American_lobster/n01983481_19566_heatmap.JPEG
https://saliency-map-annotations.s3.amazonaws.com/imagenet_fish/American_lobster/ILSVRC2012_val_00040887.JPEG,https://saliency-map-annotations.s3.amazonaws.com/imagenet_fish/American_lobster/ILSVRC2012_val_00040887_heatmap.JPEG
https://saliency-map-annotations.s3.amazonaws.com/imagenet_fish/American_lobster/n01983481_14343.JPEG,https://saliency-map-annotations.s3.amazonaws.com/imagenet_fish/American_lobster/n01983481_14343_heatmap.JPEG
https://saliency-map-annotations.s3.amazonaws.com/imagenet_fish/American_lobster/n01983481_19588.JPEG,https://saliency-map-annotations.s3.amazonaws.com/imagenet_fish/American_lobster/n01983481_19588_heatmap.JPEG
https://saliency-map-annotations.s3.amazonaws.com/imagenet_fish/American_lobster/n01983481_7321.JPEG,https://saliency-map-annotations.s3.amazonaws.com/imagenet_fish/American_lobster/n01983481_7321_heatmap.JPEG
https://saliency-map-annotations.s3.amazonaws.com/imagenet_fish/American_lobster/n01983481_20305.JPEG,https://saliency-map-annotations.s3.amazonaws.com/imagenet_fish/American_lobster/n01983481_20305_heatmap.JPEG
https://saliency-map-annotations.s3.amazonaws.com/imagenet_fish/American_lobster/n01983481_19711.JPEG,https://saliency-map-annotations.s3.amazonaws.com/imagenet_fish/American_lobster/n01983481_19711_heatmap.JPEG
https://saliency-map-annotations.s3.amazonaws.com/imagenet_fish/American_lobster/n01983481_21797.JPEG,https://saliency-map-annotations.s3.amazonaws.com/imagenet_fish/American_lobster/n01983481_21797_heatmap.JPEG
https://saliency-map-annotations.s3.amazonaws.com/imagenet_fish/American_lobster/n01983481_27086.JPEG,https://saliency-map-annotations.s3.amazonaws.com/imagenet_fish/American_lobster/n01983481_27086_heatmap.JPEG
https://saliency-map-annotations.s3.amazonaws.com/imagenet_fish/American_lobster/n01983481_5111.JPEG,https://saliency-map-annotations.s3.amazonaws.com/imagenet_fish/American_lobster/n01983481_5111_heatmap.JPEG
https://saliency-map-annotations.s3.amazonaws.com/imagenet_fish/American_lobster/n01983481_792.JPEG,https://saliency-map-annotations.s3.amazonaws.com/imagenet_fish/American_lobster/n01983481_792_heatmap.JPEG
https://saliency-map-annotations.s3.amazonaws.com/imagenet_fish/American_lobster/n01983481_13776.JPEG,https://saliency-map-annotations.s3.amazonaws.com/imagenet_fish/American_lobster/n01983481_13776_heatmap.JPEG
https://saliency-map-annotations.s3.amazonaws.com/imagenet_fish/American_lobster/n01983481_18839.JPEG,https://saliency-map-annotations.s3.amazonaws.com/imagenet_fish/American_lobster/n01983481_18839_heatmap.JPEG
https://saliency-map-annotations.s3.amazonaws.com/imagenet_fish/American_lobster/n01983481_3401.JPEG,https://saliency-map-annotations.s3.amazonaws.com/imagenet_fish/American_lobster/n01983481_3401_heatmap.JPEG
https://saliency-map-annotations.s3.amazonaws.com/imagenet_fish/American_lobster/n01983481_13664.JPEG,https://saliency-map-annotations.s3.amazonaws.com/imagenet_fish/American_lobster/n01983481_13664_heatmap.JPEG
https://saliency-map-annotations.s3.amazonaws.com/imagenet_fish/American_lobster/n01983481_19736.JPEG,https://saliency-map-annotations.s3.amazonaws.com/imagenet_fish/American_lobster/n01983481_19736_heatmap.JPEG
https://saliency-map-annotations.s3.amazonaws.com/imagenet_fish/American_lobster/n01983481_11469.JPEG,https://saliency-map-annotations.s3.amazonaws.com/imagenet_fish/American_lobster/n01983481_11469_heatmap.JPEG
https://saliency-map-annotations.s3.amazonaws.com/imagenet_fish/American_lobster/n01983481_1525.JPEG,https://saliency-map-annotations.s3.amazonaws.com/imagenet_fish/American_lobster/n01983481_1525_heatmap.JPEG
https://saliency-map-annotations.s3.amazonaws.com/imagenet_fish/American_lobster/n01983481_25458.JPEG,https://saliency-map-annotations.s3.amazonaws.com/imagenet_fish/American_lobster/n01983481_25458_heatmap.JPEG
https://saliency-map-annotations.s3.amazonaws.com/imagenet_fish/American_lobster/n01983481_16441.JPEG,https://saliency-map-annotations.s3.amazonaws.com/imagenet_fish/American_lobster/n01983481_16441_heatmap.JPEG
https://saliency-map-annotations.s3.amazonaws.com/imagenet_fish/American_lobster/n01983481_10887.JPEG,https://saliency-map-annotations.s3.amazonaws.com/imagenet_fish/American_lobster/n01983481_10887_heatmap.JPEG
https://saliency-map-annotations.s3.amazonaws.com/imagenet_fish/American_lobster/n01983481_12910.JPEG,https://saliency-map-annotations.s3.amazonaws.com/imagenet_fish/American_lobster/n01983481_12910_heatmap.JPEG
https://saliency-map-annotations.s3.amazonaws.com/imagenet_fish/American_lobster/n01983481_15693.JPEG,https://saliency-map-annotations.s3.amazonaws.com/imagenet_fish/American_lobster/n01983481_15693_heatmap.JPEG
https://saliency-map-annotations.s3.amazonaws.com/imagenet_fish/American_lobster/n01983481_5622.JPEG,https://saliency-map-annotations.s3.amazonaws.com/imagenet_fish/American_lobster/n01983481_5622_heatmap.JPEG
https://saliency-map-annotations.s3.amazonaws.com/imagenet_fish/American_lobster/n01983481_10350.JPEG,https://saliency-map-annotations.s3.amazonaws.com/imagenet_fish/American_lobster/n01983481_10350_heatmap.JPEG
https://saliency-map-annotations.s3.amazonaws.com/imagenet_fish/American_lobster/n01983481_18740.JPEG,https://saliency-map-annotations.s3.amazonaws.com/imagenet_fish/American_lobster/n01983481_18740_heatmap.JPEG
https://saliency-map-annotations.s3.amazonaws.com/imagenet_fish/American_lobster/n01983481_19757.JPEG,https://saliency-map-annotations.s3.amazonaws.com/imagenet_fish/American_lobster/n01983481_19757_heatmap.JPEG
https://saliency-map-annotations.s3.amazonaws.com/imagenet_fish/American_lobster/n01983481_9524.JPEG,https://saliency-map-annotations.s3.amazonaws.com/imagenet_fish/American_lobster/n01983481_9524_heatmap.JPEG
https://saliency-map-annotations.s3.amazonaws.com/imagenet_fish/American_lobster/n01983481_26452.JPEG,https://saliency-map-annotations.s3.amazonaws.com/imagenet_fish/American_lobster/n01983481_26452_heatmap.JPEG
https://saliency-map-annotations.s3.amazonaws.com/imagenet_fish/American_lobster/n01983481_4252.JPEG,https://saliency-map-annotations.s3.amazonaws.com/imagenet_fish/American_lobster/n01983481_4252_heatmap.JPEG
https://saliency-map-annotations.s3.amazonaws.com/imagenet_fish/American_lobster/n01983481_29437.JPEG,https://saliency-map-annotations.s3.amazonaws.com/imagenet_fish/American_lobster/n01983481_29437_heatmap.JPEG
https://saliency-map-annotations.s3.amazonaws.com/imagenet_fish/American_lobster/n01983481_2447.JPEG,https://saliency-map-annotations.s3.amazonaws.com/imagenet_fish/American_lobster/n01983481_2447_heatmap.JPEG
https://saliency-map-annotations.s3.amazonaws.com/imagenet_fish/American_lobster/n01983481_4614.JPEG,https://saliency-map-annotations.s3.amazonaws.com/imagenet_fish/American_lobster/n01983481_4614_heatmap.JPEG
https://saliency-map-annotations.s3.amazonaws.com/imagenet_fish/American_lobster/n01983481_20786.JPEG,https://saliency-map-annotations.s3.amazonaws.com/imagenet_fish/American_lobster/n01983481_20786_heatmap.JPEG
https://saliency-map-annotations.s3.amazonaws.com/imagenet_fish/American_lobster/n01983481_1314.JPEG,https://saliency-map-annotations.s3.amazonaws.com/imagenet_fish/American_lobster/n01983481_1314_heatmap.JPEG
https://saliency-map-annotations.s3.amazonaws.com/imagenet_fish/American_lobster/n01983481_6717.JPEG,https://saliency-map-annotations.s3.amazonaws.com/imagenet_fish/American_lobster/n01983481_6717_heatmap.JPEG
https://saliency-map-annotations.s3.amazonaws.com/imagenet_fish/American_lobster/ILSVRC2012_val_00046975.JPEG,https://saliency-map-annotations.s3.amazonaws.com/imagenet_fish/American_lobster/ILSVRC2012_val_00046975_heatmap.JPEG
https://saliency-map-annotations.s3.amazonaws.com/imagenet_fish/American_lobster/n01983481_19853.JPEG,https://saliency-map-annotations.s3.amazonaws.com/imagenet_fish/American_lobster/n01983481_19853_heatmap.JPEG
https://saliency-map-annotations.s3.amazonaws.com/imagenet_fish/American_lobster/n01983481_27844.JPEG,https://saliency-map-annotations.s3.amazonaws.com/imagenet_fish/American_lobster/n01983481_27844_heatmap.JPEG
https://saliency-map-annotations.s3.amazonaws.com/imagenet_fish/American_lobster/n01983481_28011.JPEG,https://saliency-map-annotations.s3.amazonaws.com/imagenet_fish/American_lobster/n01983481_28011_heatmap.JPEG
https://saliency-map-annotations.s3.amazonaws.com/imagenet_fish/American_lobster/n01983481_14294.JPEG,https://saliency-map-annotations.s3.amazonaws.com/imagenet_fish/American_lobster/n01983481_14294_heatmap.JPEG
https://saliency-map-annotations.s3.amazonaws.com/imagenet_fish/great_white_shark/n01484850_25079.JPEG,https://saliency-map-annotations.s3.amazonaws.com/imagenet_fish/great_white_shark/n01484850_25079_heatmap.JPEG
https://saliency-map-annotations.s3.amazonaws.com/imagenet_fish/great_white_shark/n01484850_18880.JPEG,https://saliency-map-annotations.s3.amazonaws.com/imagenet_fish/great_white_shark/n01484850_18880_heatmap.JPEG
https://saliency-map-annotations.s3.amazonaws.com/imagenet_fish/great_white_shark/n01484850_27204.JPEG,https://saliency-map-annotations.s3.amazonaws.com/imagenet_fish/great_white_shark/n01484850_27204_heatmap.JPEG
https://saliency-map-annotations.s3.amazonaws.com/imagenet_fish/great_white_shark/n01484850_16148.JPEG,https://saliency-map-annotations.s3.amazonaws.com/imagenet_fish/great_white_shark/n01484850_16148_heatmap.JPEG
https://saliency-map-annotations.s3.amazonaws.com/imagenet_fish/great_white_shark/n01484850_8788.JPEG,https://saliency-map-annotations.s3.amazonaws.com/imagenet_fish/great_white_shark/n01484850_8788_heatmap.JPEG
https://saliency-map-annotations.s3.amazonaws.com/imagenet_fish/great_white_shark/n01484850_20518.JPEG,https://saliency-map-annotations.s3.amazonaws.com/imagenet_fish/great_white_shark/n01484850_20518_heatmap.JPEG
https://saliency-map-annotations.s3.amazonaws.com/imagenet_fish/great_white_shark/n01484850_26659.JPEG,https://saliency-map-annotations.s3.amazonaws.com/imagenet_fish/great_white_shark/n01484850_26659_heatmap.JPEG
https://saliency-map-annotations.s3.amazonaws.com/imagenet_fish/great_white_shark/n01484850_27930.JPEG,https://saliency-map-annotations.s3.amazonaws.com/imagenet_fish/great_white_shark/n01484850_27930_heatmap.JPEG
https://saliency-map-annotations.s3.amazonaws.com/imagenet_fish/great_white_shark/n01484850_7963.JPEG,https://saliency-map-annotations.s3.amazonaws.com/imagenet_fish/great_white_shark/n01484850_7963_heatmap.JPEG
https://saliency-map-annotations.s3.amazonaws.com/imagenet_fish/great_white_shark/n01484850_5548.JPEG,https://saliency-map-annotations.s3.amazonaws.com/imagenet_fish/great_white_shark/n01484850_5548_heatmap.JPEG
https://saliency-map-annotations.s3.amazonaws.com/imagenet_fish/great_white_shark/n01484850_20535.JPEG,https://saliency-map-annotations.s3.amazonaws.com/imagenet_fish/great_white_shark/n01484850_20535_heatmap.JPEG
https://saliency-map-annotations.s3.amazonaws.com/imagenet_fish/great_white_shark/n01484850_3608.JPEG,https://saliency-map-annotations.s3.amazonaws.com/imagenet_fish/great_white_shark/n01484850_3608_heatmap.JPEG
https://saliency-map-annotations.s3.amazonaws.com/imagenet_fish/great_white_shark/n01484850_19320.JPEG,https://saliency-map-annotations.s3.amazonaws.com/imagenet_fish/great_white_shark/n01484850_19320_heatmap.JPEG
https://saliency-map-annotations.s3.amazonaws.com/imagenet_fish/great_white_shark/n01484850_17040.JPEG,https://saliency-map-annotations.s3.amazonaws.com/imagenet_fish/great_white_shark/n01484850_17040_heatmap.JPEG
https://saliency-map-annotations.s3.amazonaws.com/imagenet_fish/great_white_shark/n01484850_24203.JPEG,https://saliency-map-annotations.s3.amazonaws.com/imagenet_fish/great_white_shark/n01484850_24203_heatmap.JPEG
https://saliency-map-annotations.s3.amazonaws.com/imagenet_fish/great_white_shark/n01484850_7597.JPEG,https://saliency-map-annotations.s3.amazonaws.com/imagenet_fish/great_white_shark/n01484850_7597_heatmap.JPEG
https://saliency-map-annotations.s3.amazonaws.com/imagenet_fish/great_white_shark/n01484850_20743.JPEG,https://saliency-map-annotations.s3.amazonaws.com/imagenet_fish/great_white_shark/n01484850_20743_heatmap.JPEG
https://saliency-map-annotations.s3.amazonaws.com/imagenet_fish/great_white_shark/n01484850_19286.JPEG,https://saliency-map-annotations.s3.amazonaws.com/imagenet_fish/great_white_shark/n01484850_19286_heatmap.JPEG
https://saliency-map-annotations.s3.amazonaws.com/imagenet_fish/great_white_shark/n01484850_24686.JPEG,https://saliency-map-annotations.s3.amazonaws.com/imagenet_fish/great_white_shark/n01484850_24686_heatmap.JPEG
https://saliency-map-annotations.s3.amazonaws.com/imagenet_fish/great_white_shark/n01484850_10385.JPEG,https://saliency-map-annotations.s3.amazonaws.com/imagenet_fish/great_white_shark/n01484850_10385_heatmap.JPEG
https://saliency-map-annotations.s3.amazonaws.com/imagenet_fish/great_white_shark/n01484850_8956.JPEG,https://saliency-map-annotations.s3.amazonaws.com/imagenet_fish/great_white_shark/n01484850_8956_heatmap.JPEG
https://saliency-map-annotations.s3.amazonaws.com/imagenet_fish/great_white_shark/n01484850_7420.JPEG,https://saliency-map-annotations.s3.amazonaws.com/imagenet_fish/great_white_shark/n01484850_7420_heatmap.JPEG
https://saliency-map-annotations.s3.amazonaws.com/imagenet_fish/great_white_shark/n01484850_4447.JPEG,https://saliency-map-annotations.s3.amazonaws.com/imagenet_fish/great_white_shark/n01484850_4447_heatmap.JPEG
https://saliency-map-annotations.s3.amazonaws.com/imagenet_fish/great_white_shark/n01484850_20011.JPEG,https://saliency-map-annotations.s3.amazonaws.com/imagenet_fish/great_white_shark/n01484850_20011_heatmap.JPEG
https://saliency-map-annotations.s3.amazonaws.com/imagenet_fish/great_white_shark/n01484850_5997.JPEG,https://saliency-map-annotations.s3.amazonaws.com/imagenet_fish/great_white_shark/n01484850_5997_heatmap.JPEG
https://saliency-map-annotations.s3.amazonaws.com/imagenet_fish/great_white_shark/n01484850_24140.JPEG,https://saliency-map-annotations.s3.amazonaws.com/imagenet_fish/great_white_shark/n01484850_24140_heatmap.JPEG
https://saliency-map-annotations.s3.amazonaws.com/imagenet_fish/great_white_shark/n01484850_5041.JPEG,https://saliency-map-annotations.s3.amazonaws.com/imagenet_fish/great_white_shark/n01484850_5041_heatmap.JPEG
https://saliency-map-annotations.s3.amazonaws.com/imagenet_fish/great_white_shark/n01484850_23200.JPEG,https://saliency-map-annotations.s3.amazonaws.com/imagenet_fish/great_white_shark/n01484850_23200_heatmap.JPEG
https://saliency-map-annotations.s3.amazonaws.com/imagenet_fish/great_white_shark/n01484850_21143.JPEG,https://saliency-map-annotations.s3.amazonaws.com/imagenet_fish/great_white_shark/n01484850_21143_heatmap.JPEG
https://saliency-map-annotations.s3.amazonaws.com/imagenet_fish/great_white_shark/n01484850_9063.JPEG,https://saliency-map-annotations.s3.amazonaws.com/imagenet_fish/great_white_shark/n01484850_9063_heatmap.JPEG
https://saliency-map-annotations.s3.amazonaws.com/imagenet_fish/great_white_shark/n01484850_24881.JPEG,https://saliency-map-annotations.s3.amazonaws.com/imagenet_fish/great_white_shark/n01484850_24881_heatmap.JPEG
https://saliency-map-annotations.s3.amazonaws.com/imagenet_fish/great_white_shark/n01484850_31338.JPEG,https://saliency-map-annotations.s3.amazonaws.com/imagenet_fish/great_white_shark/n01484850_31338_heatmap.JPEG
https://saliency-map-annotations.s3.amazonaws.com/imagenet_fish/great_white_shark/n01484850_7840.JPEG,https://saliency-map-annotations.s3.amazonaws.com/imagenet_fish/great_white_shark/n01484850_7840_heatmap.JPEG
https://saliency-map-annotations.s3.amazonaws.com/imagenet_fish/great_white_shark/n01484850_23446.JPEG,https://saliency-map-annotations.s3.amazonaws.com/imagenet_fish/great_white_shark/n01484850_23446_heatmap.JPEG
https://saliency-map-annotations.s3.amazonaws.com/imagenet_fish/great_white_shark/n01484850_4104.JPEG,https://saliency-map-annotations.s3.amazonaws.com/imagenet_fish/great_white_shark/n01484850_4104_heatmap.JPEG
https://saliency-map-annotations.s3.amazonaws.com/imagenet_fish/great_white_shark/n01484850_20708.JPEG,https://saliency-map-annotations.s3.amazonaws.com/imagenet_fish/great_white_shark/n01484850_20708_heatmap.JPEG
https://saliency-map-annotations.s3.amazonaws.com/imagenet_fish/great_white_shark/n01484850_10982.JPEG,https://saliency-map-annotations.s3.amazonaws.com/imagenet_fish/great_white_shark/n01484850_10982_heatmap.JPEG
https://saliency-map-annotations.s3.amazonaws.com/imagenet_fish/great_white_shark/n01484850_15542.JPEG,https://saliency-map-annotations.s3.amazonaws.com/imagenet_fish/great_white_shark/n01484850_15542_heatmap.JPEG
https://saliency-map-annotations.s3.amazonaws.com/imagenet_fish/great_white_shark/n01484850_14979.JPEG,https://saliency-map-annotations.s3.amazonaws.com/imagenet_fish/great_white_shark/n01484850_14979_heatmap.JPEG
https://saliency-map-annotations.s3.amazonaws.com/imagenet_fish/great_white_shark/n01484850_9813.JPEG,https://saliency-map-annotations.s3.amazonaws.com/imagenet_fish/great_white_shark/n01484850_9813_heatmap.JPEG
https://saliency-map-annotations.s3.amazonaws.com/imagenet_fish/great_white_shark/n01484850_8469.JPEG,https://saliency-map-annotations.s3.amazonaws.com/imagenet_fish/great_white_shark/n01484850_8469_heatmap.JPEG
https://saliency-map-annotations.s3.amazonaws.com/imagenet_fish/great_white_shark/n01484850_6709.JPEG,https://saliency-map-annotations.s3.amazonaws.com/imagenet_fish/great_white_shark/n01484850_6709_heatmap.JPEG
https://saliency-map-annotations.s3.amazonaws.com/imagenet_fish/great_white_shark/n01484850_4977.JPEG,https://saliency-map-annotations.s3.amazonaws.com/imagenet_fish/great_white_shark/n01484850_4977_heatmap.JPEG
https://saliency-map-annotations.s3.amazonaws.com/imagenet_fish/great_white_shark/n01484850_28116.JPEG,https://saliency-map-annotations.s3.amazonaws.com/imagenet_fish/great_white_shark/n01484850_28116_heatmap.JPEG
https://saliency-map-annotations.s3.amazonaws.com/imagenet_fish/great_white_shark/n01484850_4721.JPEG,https://saliency-map-annotations.s3.amazonaws.com/imagenet_fish/great_white_shark/n01484850_4721_heatmap.JPEG
https://saliency-map-annotations.s3.amazonaws.com/imagenet_fish/great_white_shark/n01484850_17403.JPEG,https://saliency-map-annotations.s3.amazonaws.com/imagenet_fish/great_white_shark/n01484850_17403_heatmap.JPEG
https://saliency-map-annotations.s3.amazonaws.com/imagenet_fish/great_white_shark/n01484850_4019.JPEG,https://saliency-map-annotations.s3.amazonaws.com/imagenet_fish/great_white_shark/n01484850_4019_heatmap.JPEG
https://saliency-map-annotations.s3.amazonaws.com/imagenet_fish/great_white_shark/n01484850_16992.JPEG,https://saliency-map-annotations.s3.amazonaws.com/imagenet_fish/great_white_shark/n01484850_16992_heatmap.JPEG
https://saliency-map-annotations.s3.amazonaws.com/imagenet_fish/great_white_shark/n01484850_6696.JPEG,https://saliency-map-annotations.s3.amazonaws.com/imagenet_fish/great_white_shark/n01484850_6696_heatmap.JPEG
https://saliency-map-annotations.s3.amazonaws.com/imagenet_fish/great_white_shark/n01484850_12375.JPEG,https://saliency-map-annotations.s3.amazonaws.com/imagenet_fish/great_white_shark/n01484850_12375_heatmap.JPEG
https://saliency-map-annotations.s3.amazonaws.com/imagenet_fish/great_white_shark/n01484850_21602.JPEG,https://saliency-map-annotations.s3.amazonaws.com/imagenet_fish/great_white_shark/n01484850_21602_heatmap.JPEG
https://saliency-map-annotations.s3.amazonaws.com/imagenet_fish/great_white_shark/n01484850_3729.JPEG,https://saliency-map-annotations.s3.amazonaws.com/imagenet_fish/great_white_shark/n01484850_3729_heatmap.JPEG
https://saliency-map-annotations.s3.amazonaws.com/imagenet_fish/great_white_shark/n01484850_7639.JPEG,https://saliency-map-annotations.s3.amazonaws.com/imagenet_fish/great_white_shark/n01484850_7639_heatmap.JPEG
https://saliency-map-annotations.s3.amazonaws.com/imagenet_fish/great_white_shark/n01484850_11975.JPEG,https://saliency-map-annotations.s3.amazonaws.com/imagenet_fish/great_white_shark/n01484850_11975_heatmap.JPEG
https://saliency-map-annotations.s3.amazonaws.com/imagenet_fish/great_white_shark/n01484850_3944.JPEG,https://saliency-map-annotations.s3.amazonaws.com/imagenet_fish/great_white_shark/n01484850_3944_heatmap.JPEG
https://saliency-map-annotations.s3.amazonaws.com/imagenet_fish/great_white_shark/n01484850_29376.JPEG,https://saliency-map-annotations.s3.amazonaws.com/imagenet_fish/great_white_shark/n01484850_29376_heatmap.JPEG
https://saliency-map-annotations.s3.amazonaws.com/imagenet_fish/great_white_shark/n01484850_28160.JPEG,https://saliency-map-annotations.s3.amazonaws.com/imagenet_fish/great_white_shark/n01484850_28160_heatmap.JPEG
https://saliency-map-annotations.s3.amazonaws.com/imagenet_fish/great_white_shark/n01484850_21044.JPEG,https://saliency-map-annotations.s3.amazonaws.com/imagenet_fish/great_white_shark/n01484850_21044_heatmap.JPEG
https://saliency-map-annotations.s3.amazonaws.com/imagenet_fish/great_white_shark/n01484850_22384.JPEG,https://saliency-map-annotations.s3.amazonaws.com/imagenet_fish/great_white_shark/n01484850_22384_heatmap.JPEG
https://saliency-map-annotations.s3.amazonaws.com/imagenet_fish/great_white_shark/n01484850_23716.JPEG,https://saliency-map-annotations.s3.amazonaws.com/imagenet_fish/great_white_shark/n01484850_23716_heatmap.JPEG
https://saliency-map-annotations.s3.amazonaws.com/imagenet_fish/great_white_shark/n01484850_6526.JPEG,https://saliency-map-annotations.s3.amazonaws.com/imagenet_fish/great_white_shark/n01484850_6526_heatmap.JPEG
https://saliency-map-annotations.s3.amazonaws.com/imagenet_fish/great_white_shark/n01484850_9684.JPEG,https://saliency-map-annotations.s3.amazonaws.com/imagenet_fish/great_white_shark/n01484850_9684_heatmap.JPEG
https://saliency-map-annotations.s3.amazonaws.com/imagenet_fish/great_white_shark/n01484850_18470.JPEG,https://saliency-map-annotations.s3.amazonaws.com/imagenet_fish/great_white_shark/n01484850_18470_heatmap.JPEG
https://saliency-map-annotations.s3.amazonaws.com/imagenet_fish/great_white_shark/n01484850_8943.JPEG,https://saliency-map-annotations.s3.amazonaws.com/imagenet_fish/great_white_shark/n01484850_8943_heatmap.JPEG
https://saliency-map-annotations.s3.amazonaws.com/imagenet_fish/great_white_shark/n01484850_24749.JPEG,https://saliency-map-annotations.s3.amazonaws.com/imagenet_fish/great_white_shark/n01484850_24749_heatmap.JPEG
https://saliency-map-annotations.s3.amazonaws.com/imagenet_fish/great_white_shark/n01484850_12913.JPEG,https://saliency-map-annotations.s3.amazonaws.com/imagenet_fish/great_white_shark/n01484850_12913_heatmap.JPEG
https://saliency-map-annotations.s3.amazonaws.com/imagenet_fish/great_white_shark/n01484850_24821.JPEG,https://saliency-map-annotations.s3.amazonaws.com/imagenet_fish/great_white_shark/n01484850_24821_heatmap.JPEG
https://saliency-map-annotations.s3.amazonaws.com/imagenet_fish/great_white_shark/n01484850_15043.JPEG,https://saliency-map-annotations.s3.amazonaws.com/imagenet_fish/great_white_shark/n01484850_15043_heatmap.JPEG
https://saliency-map-annotations.s3.amazonaws.com/imagenet_fish/great_white_shark/n01484850_16019.JPEG,https://saliency-map-annotations.s3.amazonaws.com/imagenet_fish/great_white_shark/n01484850_16019_heatmap.JPEG
https://saliency-map-annotations.s3.amazonaws.com/imagenet_fish/great_white_shark/n01484850_18791.JPEG,https://saliency-map-annotations.s3.amazonaws.com/imagenet_fish/great_white_shark/n01484850_18791_heatmap.JPEG
https://saliency-map-annotations.s3.amazonaws.com/imagenet_fish/great_white_shark/n01484850_5116.JPEG,https://saliency-map-annotations.s3.amazonaws.com/imagenet_fish/great_white_shark/n01484850_5116_heatmap.JPEG
https://saliency-map-annotations.s3.amazonaws.com/imagenet_fish/great_white_shark/n01484850_17872.JPEG,https://saliency-map-annotations.s3.amazonaws.com/imagenet_fish/great_white_shark/n01484850_17872_heatmap.JPEG
https://saliency-map-annotations.s3.amazonaws.com/imagenet_fish/great_white_shark/n01484850_4496.JPEG,https://saliency-map-annotations.s3.amazonaws.com/imagenet_fish/great_white_shark/n01484850_4496_heatmap.JPEG
https://saliency-map-annotations.s3.amazonaws.com/imagenet_fish/great_white_shark/n01484850_9498.JPEG,https://saliency-map-annotations.s3.amazonaws.com/imagenet_fish/great_white_shark/n01484850_9498_heatmap.JPEG
https://saliency-map-annotations.s3.amazonaws.com/imagenet_fish/great_white_shark/n01484850_6203.JPEG,https://saliency-map-annotations.s3.amazonaws.com/imagenet_fish/great_white_shark/n01484850_6203_heatmap.JPEG
https://saliency-map-annotations.s3.amazonaws.com/imagenet_fish/great_white_shark/n01484850_18752.JPEG,https://saliency-map-annotations.s3.amazonaws.com/imagenet_fish/great_white_shark/n01484850_18752_heatmap.JPEG
https://saliency-map-annotations.s3.amazonaws.com/imagenet_fish/great_white_shark/n01484850_9733.JPEG,https://saliency-map-annotations.s3.amazonaws.com/imagenet_fish/great_white_shark/n01484850_9733_heatmap.JPEG
https://saliency-map-annotations.s3.amazonaws.com/imagenet_fish/great_white_shark/n01484850_14839.JPEG,https://saliency-map-annotations.s3.amazonaws.com/imagenet_fish/great_white_shark/n01484850_14839_heatmap.JPEG
https://saliency-map-annotations.s3.amazonaws.com/imagenet_fish/great_white_shark/n01484850_20760.JPEG,https://saliency-map-annotations.s3.amazonaws.com/imagenet_fish/great_white_shark/n01484850_20760_heatmap.JPEG
https://saliency-map-annotations.s3.amazonaws.com/imagenet_fish/great_white_shark/n01484850_6131.JPEG,https://saliency-map-annotations.s3.amazonaws.com/imagenet_fish/great_white_shark/n01484850_6131_heatmap.JPEG
https://saliency-map-annotations.s3.amazonaws.com/imagenet_fish/great_white_shark/n01484850_14785.JPEG,https://saliency-map-annotations.s3.amazonaws.com/imagenet_fish/great_white_shark/n01484850_14785_heatmap.JPEG
https://saliency-map-annotations.s3.amazonaws.com/imagenet_fish/great_white_shark/n01484850_21023.JPEG,https://saliency-map-annotations.s3.amazonaws.com/imagenet_fish/great_white_shark/n01484850_21023_heatmap.JPEG
https://saliency-map-annotations.s3.amazonaws.com/imagenet_fish/great_white_shark/n01484850_17691.JPEG,https://saliency-map-annotations.s3.amazonaws.com/imagenet_fish/great_white_shark/n01484850_17691_heatmap.JPEG
https://saliency-map-annotations.s3.amazonaws.com/imagenet_fish/great_white_shark/n01484850_25975.JPEG,https://saliency-map-annotations.s3.amazonaws.com/imagenet_fish/great_white_shark/n01484850_25975_heatmap.JPEG
https://saliency-map-annotations.s3.amazonaws.com/imagenet_fish/great_white_shark/n01484850_21873.JPEG,https://saliency-map-annotations.s3.amazonaws.com/imagenet_fish/great_white_shark/n01484850_21873_heatmap.JPEG
https://saliency-map-annotations.s3.amazonaws.com/imagenet_fish/great_white_shark/n01484850_17445.JPEG,https://saliency-map-annotations.s3.amazonaws.com/imagenet_fish/great_white_shark/n01484850_17445_heatmap.JPEG
https://saliency-map-annotations.s3.amazonaws.com/imagenet_fish/great_white_shark/n01484850_14316.JPEG,https://saliency-map-annotations.s3.amazonaws.com/imagenet_fish/great_white_shark/n01484850_14316_heatmap.JPEG
https://saliency-map-annotations.s3.amazonaws.com/imagenet_fish/great_white_shark/n01484850_20393.JPEG,https://saliency-map-annotations.s3.amazonaws.com/imagenet_fish/great_white_shark/n01484850_20393_heatmap.JPEG
https://saliency-map-annotations.s3.amazonaws.com/imagenet_fish/great_white_shark/n01484850_11499.JPEG,https://saliency-map-annotations.s3.amazonaws.com/imagenet_fish/great_white_shark/n01484850_11499_heatmap.JPEG
https://saliency-map-annotations.s3.amazonaws.com/imagenet_fish/great_white_shark/n01484850_8318.JPEG,https://saliency-map-annotations.s3.amazonaws.com/imagenet_fish/great_white_shark/n01484850_8318_heatmap.JPEG
https://saliency-map-annotations.s3.amazonaws.com/imagenet_fish/great_white_shark/n01484850_23511.JPEG,https://saliency-map-annotations.s3.amazonaws.com/imagenet_fish/great_white_shark/n01484850_23511_heatmap.JPEG
https://saliency-map-annotations.s3.amazonaws.com/imagenet_fish/great_white_shark/n01484850_24779.JPEG,https://saliency-map-annotations.s3.amazonaws.com/imagenet_fish/great_white_shark/n01484850_24779_heatmap.JPEG
https://saliency-map-annotations.s3.amazonaws.com/imagenet_fish/great_white_shark/n01484850_16736.JPEG,https://saliency-map-annotations.s3.amazonaws.com/imagenet_fish/great_white_shark/n01484850_16736_heatmap.JPEG
https://saliency-map-annotations.s3.amazonaws.com/imagenet_fish/great_white_shark/n01484850_5814.JPEG,https://saliency-map-annotations.s3.amazonaws.com/imagenet_fish/great_white_shark/n01484850_5814_heatmap.JPEG
https://saliency-map-annotations.s3.amazonaws.com/imagenet_fish/great_white_shark/n01484850_26011.JPEG,https://saliency-map-annotations.s3.amazonaws.com/imagenet_fish/great_white_shark/n01484850_26011_heatmap.JPEG
https://saliency-map-annotations.s3.amazonaws.com/imagenet_fish/great_white_shark/n01484850_8363.JPEG,https://saliency-map-annotations.s3.amazonaws.com/imagenet_fish/great_white_shark/n01484850_8363_heatmap.JPEG
https://saliency-map-annotations.s3.amazonaws.com/imagenet_fish/great_white_shark/n01484850_17865.JPEG,https://saliency-map-annotations.s3.amazonaws.com/imagenet_fish/great_white_shark/n01484850_17865_heatmap.JPEG
https://saliency-map-annotations.s3.amazonaws.com/imagenet_fish/great_white_shark/n01484850_27991.JPEG,https://saliency-map-annotations.s3.amazonaws.com/imagenet_fish/great_white_shark/n01484850_27991_heatmap.JPEG
https://saliency-map-annotations.s3.amazonaws.com/imagenet_fish/great_white_shark/n01484850_22156.JPEG,https://saliency-map-annotations.s3.amazonaws.com/imagenet_fish/great_white_shark/n01484850_22156_heatmap.JPEG
https://saliency-map-annotations.s3.amazonaws.com/imagenet_fish/great_white_shark/n01484850_7612.JPEG,https://saliency-map-annotations.s3.amazonaws.com/imagenet_fish/great_white_shark/n01484850_7612_heatmap.JPEG
